name,address,city,state,zip,Zip.Plus,Contact.First.Name,Contact.Last.Name,Contact.Title,Phone,Business.Description,Primary.NAICS,NAICS2,NAICS3,NAICS4,NAICS5,Business.Type,County,Employee,Annual.Sales,URL,Year.Established,address_new,url,type,latitude,longitude
Acro Fitness,179 Overhill Dr,Mooresville,NC,28117,8006,Marie,Severance,Owner,(704) 664-2348,Gymnastic Instruction,611620,NA,NA,NA,NA,Private,Iredell,20,1278000,acrofitness1.godaddysites.com,2004,179 Overhill Dr Mooresville NC 28117,https://acrofitness1.godaddysites.com,gymnastics lessons,35.59925353,-80.8522356
Acro Sport Gymnastics,3109 Rose of Sharon Rd,Durham,NC,27712,3127,Connie,Regnerus,President,(919) 620-7600,Gymnastic Instruction,611620,NA,NA,NA,NA,Private,Durham,2,162000,acrosportgymnastics.com,2005,3109 Rose of Sharon Rd Durham NC 27712,https://acrosportgymnastics.com,gymnastics lessons,36.06513897,-78.93526547
Airborne Gymnastics,85 P E M Dr,Hendersonville,NC,28792,8847,Kenneth,Hahn,Owner,(828) 697-0084,Gymnastic Instruction,611620,NA,NA,NA,NA,Private,Henderson,1,43000,olympiahendersonville.com,2011,85 P E M Dr Hendersonville NC 28792,https://olympiahendersonville.com,gymnastics lessons,35.34012642,-82.42753961
Airborne Gymnastics Academy,2587 Hope Mills Rd,Fayetteville,NC,28306,8311,Andrew,Lizek,Owner,(910) 920-1066,Gymnastic Instruction,611620,NA,NA,NA,NA,Private,Cumberland,10,712000,airbournegymnc.com,2018,2587 Hope Mills Rd Fayetteville NC 28306,https://airbournegymnc.com,gymnastics lessons,35.00110833,-78.96725866
B A Tumbler,8217 Creedmoor Rd,Raleigh,NC,27613,1372,Don,Ware,Owner,(919) 878-9893,Gymnastic Instruction,611620,812990,NA,NA,NA,Private,Wake,12,769000,gymmieandfriendsfit.com,2004,8217 Creedmoor Rd Raleigh NC 27613,https://gymmieandfriendsfit.com,gymnastics lessons,35.89809866,-78.68087043
Stanly County Gymnastics,1960 Post Rd,Albemarle,NC,28001,9008,Holly,Pennell,President,(704) 983-2414,Gymnastic Instruction,611620,611610,713940,NA,NA,Private,Stanly,15,727000,stanlycountygym.com,1976,1960 Post Rd Albemarle NC 28001,NA,gymnastics lessons,35.34554252,-80.16112414
Bull City Gymnastics,5017 Neal Rd # 100,Durham,NC,27705,2361,Timothy,Bumpers,Educator,(919) 383-3600,Gymnastic Instruction,611620,NA,NA,NA,NA,Private,Durham,15,1208000,bullcitygymnastics.com,2007,5017 Neal Rd # 100 Durham NC 27705,https://bullcitygymnastics.com,gymnastics lessons,36.02990038,-78.97347403
Carolina Gymnastics Academy,3529 Carolina Beach Rd,Wilmington,NC,28412,6301,Michele,Zapple,Owner,(910) 796-1896,Gymnastic Instruction,611620,NA,NA,NA,NA,Private,New Hanover,20,1841000,carolinagymnasticsacademy.com,2000,3529 Carolina Beach Rd Wilmington NC 28412,NA,gymnastics lessons,34.18186892,-77.92875528
Carolina Stars Gymnastics,"1080 Maxwell Mill Rd, Fort Mill, SC 29708",NA,NA,NA,NA,NA,NA,NA,NA,NA,NA,NA,NA,NA,NA,NA,NA,NA,NA,carolinastarsgym.com,NA,"1080 Maxwell Mill Rd, Fort Mill, SC 29708",NA,gymnastics lessons,35.07561866,-80.95644674
Chapel Hill Gymnastics,7405 Rex Rd # 207,Chapel Hill,NC,27516,6340,Marguerite,Maness,Owner,(919) 942-3655,Gymnastic Instruction,611620,NA,NA,NA,NA,Private,Orange,20,1411000,chapelhillgymnastics.com,2011,7405 Rex Rd # 207 Chapel Hill NC 27516,https://chapelhillgymnastics.com,gymnastics lessons,35.96995947,-79.07330148
Charlotte Elite Martial Arts,9804 Sandy Rock Pl # C,Charlotte,NC,28277,7728,Jeremy,Kempka,Owner,(704) 209-5051,Gymnastic Instruction,611620,611620,NA,NA,NA,Private,Mecklenburg,4,201000,elitemartialartsandgymnastics.com,2023,9804 Sandy Rock Pl # C Charlotte NC 28277,NA,gymnastics lessons,35.05410778,-80.77405755
Classic Gymnastics,14 E Doris Ave,Jacksonville,NC,28540,5148,Denise,Swoyer,Exec Director,(910) 346-3869,Gymnastic Instruction,611620,611610,NA,NA,NA,Private,Onslow,10,698000,classic-gymnastics.com,2008,14 E Doris Ave Jacksonville NC 28540,NA,gymnastics lessons,34.77790425,-77.41828944
Clemmon's Gymnastics Ctr,6210 Hacker Bend Ct # F,Winston Salem,NC,27103,9501,Pamela,Lowder,Owner,(336) 766-3599,Gymnastic Instruction,611620,721214,NA,NA,NA,Private,Forsyth,12,914000,clemmonsgymnastics.com,2012,6210 Hacker Bend Ct # F Winston Salem NC 27103,https://clemmonsgymnastics.com,gymnastics lessons,36.03961841,-80.37162481
Core Gymnastics,"3403 Horse Pen Creek Rd., Greensboro, NC 27403","Greensboro, NC 27403",NC,27403,1531,Karen,Phillips,Manager,(336) 000-1111,Gymnastic Instruction,611620,NA,NA,NA,NA,Private,Guilford,4,275000,coregymnastics.com,2018,"3403 Horse Pen Creek Rd., Greensboro, NC 27403",NA,gymnastics lessons,36.14769767,-79.87388307
Countryside Gymnastics,330 Mcarthur Rd,Fayetteville,NC,28311,6920,Jack,Hester,Owner,(910) 488-9380,Gymnastic Instruction,611620,611610,713940,NA,NA,Private,Cumberland,15,1068000,countrysidegym.com,1988,330 Mcarthur Rd Fayetteville NC 28311,https://countrysidegym.com,gymnastics lessons,35.11765258,-78.88223217
Crystal Coast Gymnastics,300 Greenfield Dr,Newport,NC,28570,6544,Rebecca,Marson,Owner,(252) 222-4961,Gymnastic Instruction,611620,NA,NA,NA,NA,Private,Carteret,18,1171000,crystalcoastgymnastics.com,2011,300 Greenfield Dr Newport NC 28570,https://crystalcoastgymnastics.com,gymnastics lessons,34.7477769,-76.80961019
Dream Gymnastics LLC,82 Dance Art Dr,Garner,NC,27529,7698,Amber,Weeks,Owner,(919) 000-1111,Gymnastic Instruction,611620,NA,NA,NA,NA,Private,Johnston,6,562000,dreamgymnastics.org,2015,82 Dance Art Dr Garner NC 27529,https://dreamgymnastics.org,gymnastics lessons,35.5888317,-78.55882424
Dream Weavers Dance Studio,149 W Trade St,Forest City,NC,28043,3032,Pam,Strickland,Owner,(828) 247-1900,Gymnastic Instruction,611620,NA,NA,NA,NA,Private,Rutherford,4,224000,dreamweaversdance.com,2006,149 W Trade St Forest City NC 28043,https://dreamweaversdance.com,gymnastics lessons,35.33547241,-81.86631586
Elite Gymnastics LLC,413 S Clinton Ave,Dunn,NC,28334,5345,Meredith,Baysa,Educator,(910) 230-4020,Gymnastic Instruction,611620,NA,NA,NA,NA,Private,Harnett,2,120000,elitegymllc.com,2012,413 S Clinton Ave Dunn NC 28334,https://elitegymllc.com,gymnastics lessons,35.30445083,-78.61052977
Enso Elite Gymnastics,9835 Northcross Ctr Ct # A,Huntersville,NC,28078,7347,Annette,Crampton,Exec Officer,(704) 896-1090,Gymnastic Instruction,611620,713940,NA,NA,NA,Private,Mecklenburg,4,201000,ensoelite.com,2010,9835 Northcross Ctr Ct # A Huntersville NC 28078,https://ensoelite.com,gymnastics lessons,35.44675872,-80.86041269
Everest Gymnastics Training,103 Parr Dr,Huntersville,NC,28078,5936,Yiwen,Chen,Owner,(704) 948-1449,Gymnastic Instruction,611620,NA,NA,NA,NA,Private,Mecklenburg,12,602000,everest-gymnastics.com,2005,103 Parr Dr Huntersville NC 28078,NA,gymnastics lessons,35.44036941,-80.8399963
Flip Flop & Fly Gymnastics,6513 E Old US 421 Hwy,East Bend,NC,27018,8731,NA,NA,NA,(336) 699-4300,Gymnastic Instruction,611620,NA,NA,NA,NA,Private,Yadkin,2,125000,flipcitygymnastics.org,2007,6513 E Old US 421 Hwy East Bend NC 27018,NA,gymnastics lessons,36.13891943,-80.45873932
Foothills Gymnastics,920 29th Ave NE,Hickory,NC,28601,1183,Steve,Snyder,Owner,(828) 328-3794,Gymnastic Instruction,611620,611610,611620,NA,NA,Private,Catawba,40,2428000,foothillsgymnastics.com,1996,920 29th Ave NE Hickory NC 28601,https://foothillsgymnastics.com,gymnastics lessons,35.76954027,-81.31348808
Fun 2 Be Fit,14311 Hunters Rd,Huntersville,NC,28078,9318,Frank,Kaminski,Owner,(704) 948-8386,Gymnastic Instruction,611620,NA,NA,NA,NA,Private,Mecklenburg,4,201000,funtobefit.net,2007,14311 Hunters Rd Huntersville NC 28078,https://funtobefit.net,gymnastics lessons,35.41807556,-80.85604405
G & J Speedway Gymnastics Inc,6043 Victory Ln SW,Concord,NC,28027,2616,Jie,Ding,President,(704) 455-1898,Gymnastic Instruction,611620,NA,NA,NA,NA,Private,Cabarrus,2,96000,axcelerategymnastics.com,2010,6043 Victory Ln SW Concord NC 28027,https://axcelerategymnastics.com,gymnastics lessons,35.34577363,-80.67773191
Grace Gymnastics Academy,1181 Little Gem Ln,Apex,NC,27523,7802,Olga,Bogdan,Manager,(919) 000-1111,Gymnastic Instruction,611620,NA,NA,NA,NA,Private,Wake,5,321000,grace-gymnastics-nc.com,2019,1181 Little Gem Ln Apex NC 27523,https://grace-gymnastics-nc.com,gymnastics lessons,35.73871784,-78.91973265
Gymcarolina Gymnastics Academy,9321 Leesville Rd,Raleigh,NC,27613,7515,Kristy,Harper,Other,(919) 848-7988,Gymnastic Instruction,611620,NA,NA,NA,NA,Private,Wake,19,1218000,gymcarolina.com,1982,9321 Leesville Rd Raleigh NC 27613,https://gymcarolina.com,gymnastics lessons,35.90020808,-78.72571322
Gymnastics Unlimited,301 N Green Meadows Dr # G,Wilmington,NC,28405,3791,Bob,Broadfoot,Exec Director,(910) 452-3547,Gymnastic Instruction,611620,NA,NA,NA,NA,Private,New Hanover,15,1381000,gymnasticsunlimited.net,2004,301 N Green Meadows Dr # G Wilmington NC 28405,https://gymnasticsunlimited.net,gymnastics lessons,34.25988148,-77.84813163
Enso Elite Gymnastics,10212 Bon Meade Ln,Cornelius,NC,28031,9229,Tamil,Jones,Manager,(704) 000-1111,Gymnastic Instruction,611620,NA,NA,NA,NA,Private,Mecklenburg,2,101000,ensoelite.com,2017,10212 Bon Meade Ln Cornelius NC 28031,NA,gymnastics lessons,35.47201256,-80.86569093
Hahn's Gymnastics LLC,18 Legend Dr,Arden,NC,28704,6203,Vicki,Hahn,Owner,(828) 684-8832,Gymnastic Instruction,611620,NA,NA,NA,NA,Private,Buncombe,10,509000,hahnsgymnastics.com,2002,18 Legend Dr Arden NC 28704,NA,gymnastics lessons,35.45641194,-82.52760859
Hart Gymnastics Academy,"748 Spainhour Rd, King, NC 27021",NA,NA,NA,NA,NA,NA,NA,NA,NA,NA,NA,NA,NA,NA,NA,NA,NA,NA,hartgym.com,NA,"748 Spainhour Rd, King, NC 27021",NA,gymnastics lessons,36.26566058,-80.34327035
High Point Gymnastics Academy,3530 N Main St,High Point,NC,27265,1852,Robert,Travers,Owner,(336) 869-3589,Gymnastic Instruction,611620,611610,813319,813410,NA,Private,Guilford,15,1031000,highpointgymnastics.com,1988,3530 N Main St High Point NC 27265,https://highpointgymnastics.com,gymnastics lessons,36.0083936,-80.04092127
Illumination Training Ctr,1869 Richard Baker Dr,Stallings,NC,28104,5103,NA,NA,NA,(704) 882-7647,Gymnastic Instruction,611620,541612,NA,NA,NA,Private,Union,6,283000,illuminationtrainingcenter.com,2018,1869 Richard Baker Dr Stallings NC 28104,https://illuminationtrainingcenter.com,gymnastics lessons,35.09589699,-80.67275758
Impact One,209 Branchview Dr NE # C,Concord,NC,28025,3467,Rena,Blanchard,Director,(704) 786-1205,Gymnastic Instruction,611620,713990,NA,NA,NA,Private,Cabarrus,2,96000,impact1allstars.com,2018,209 Branchview Dr NE # C Concord NC 28025,https://impact1allstars.com,gymnastics lessons,35.42297786,-80.57645944
Infinity Elite Athletics,111 Dalton Business Ct # 103,Mocksville,NC,27028,NA,Julie,Dizinski,Owner,(336) 940-2002,Gymnastic Instruction,611620,NA,NA,NA,NA,Private,Davie,4,199000,infinityeliteathletics.com,2013,111 Dalton Business Ct # 103 Mocksville NC 27028,https://infinityeliteathletics.com,gymnastics lessons,35.883888,-80.51212238
Isc Gymnastics & Cheerleading,11011 Monroe Rd,Matthews,NC,28105,5439,Julia,O'Brien,Owner,(704) 246-8611,Gymnastic Instruction,611620,713990,NA,NA,NA,Private,Mecklenburg,25,1255000,chatterblock.com,2010,11011 Monroe Rd Matthews NC 28105,https://chatterblock.com,gymnastics lessons,35.12499505,-80.72960014
Isothermal Gymnastics Academy,340 Industrial Park Rd,Rutherfordton,NC,28139,2541,Perry,Hughes,Owner,(828) 288-3547,Gymnastic Instruction,611620,624410,NA,NA,NA,Private,Rutherford,10,559000,igakids.com,2003,340 Industrial Park Rd Rutherfordton NC 28139,https://igakids.com,gymnastics lessons,35.35629752,-81.95609065
K Pac,2809 Amity Hill Rd,Statesville,NC,28677,9744,Kristie P,Bannister,Manager,(704) 872-7888,Gymnastic Instruction,611620,NA,NA,NA,NA,Private,Iredell,3,192000,kpacgymnastics.com,2014,2809 Amity Hill Rd Statesville NC 28677,https://kpacgymnastics.com,gymnastics lessons,35.73580253,-80.86019419
Kidsport Gymnastic Academy,3370 S Church St,Burlington,NC,27215,9150,Kim,Michael,Owner,(336) 538-0073,Gymnastic Instruction,611620,812990,713990,NA,NA,Private,Alamance,25,1274000,kidsportgymnastics.com,1996,3370 S Church St Burlington NC 27215,https://kidsportgymnastics.com,gymnastics lessons,36.08029455,-79.51454086
Knightdale Academy-Gymnastics,304 Village Dr # 104,Knightdale,NC,27545,6073,Christi L,Fuller,Manager,(919) 266-4005,Gymnastic Instruction,611620,NA,NA,NA,NA,Private,Wake,3,193000,knightdalegymnastics.com,2002,304 Village Dr # 104 Knightdale NC 27545,https://knightdalegymnastics.com,gymnastics lessons,35.80024362,-78.4780307
Kpac Kristie Phillips Athletic,2809 Amity Hill Rd,Statesville,NC,28677,9744,Kristie,Phillips,Owner,(704) 872-2888,Gymnastic Instruction,611620,NA,NA,NA,NA,Private,Iredell,8,511000,kpacgymnastics.com,2005,2809 Amity Hill Rd Statesville NC 28677,NA,gymnastics lessons,35.73580253,-80.86019419
Lake Norman Gymnastics Academy,443 N Pilot Knob Rd,Denver,NC,28037,8595,Deborah,Taffi,Owner,(704) 483-1008,Gymnastic Instruction,611620,NA,NA,NA,NA,Private,Lincoln,13,516000,lkngymnastics.com,2003,443 N Pilot Knob Rd Denver NC 28037,https://lkngymnastics.com,gymnastics lessons,35.4480429,-80.99002785
Langley's Gymnastics,160 W Smithfield St,Angier,NC,27501,5603,Tanya,Bryant,Owner,(919) 639-8288,Gymnastic Instruction,611620,NA,NA,NA,NA,Private,Harnett,3,180000,langleygymnasticstraining.com,1998,160 W Smithfield St Angier NC 27501,https://langleygymnasticstraining.com,gymnastics lessons,35.50938706,-78.74286378
Lem Possible Gymnastics Cheer,1811 Baker Rd,High Point,NC,27263,2005,Jim,Shaw,Owner,(336) 431-0763,Gymnastic Instruction,611620,NA,NA,NA,NA,Private,Guilford,3,207000,lempossible.com,1992,1811 Baker Rd High Point NC 27263,https://lempossible.com,gymnastics lessons,35.94531398,-79.95647317
Lumberton Gymnastics Academy,1601 Godwin Ave,Lumberton,NC,28358,4207,Tina,Locklear,Owner,(910) 671-0090,Gymnastic Instruction,611620,NA,NA,NA,NA,Private,Robeson,5,290000,emergegymnastics.co,1991,1601 Godwin Ave Lumberton NC 28358,NA,gymnastics lessons,34.62802302,-78.99645685
MAINSTREETDANCEWORKS.COM,797 W Charlotte Ave,Mt Holly,NC,28120,1785,Amy,Servian,Owner,(704) 827-5678,Gymnastic Instruction,611620,711120,NA,NA,NA,Private,Gaston,10,554000,mainstreetdanceworks.com,2005,797 W Charlotte Ave Mt Holly NC 28120,https://mainstreetdanceworks.com,gymnastics lessons,35.30398165,-81.02784519
Metrolina Gymnastics,1038 Culp Rd # 200,Pineville,NC,28134,9532,Nick,Baker,Owner,(980) 613-1790,Gymnastic Instruction,611620,NA,NA,NA,NA,Private,Mecklenburg,2,101000,metrolinagymnastics.com,2016,1038 Culp Rd # 200 Pineville NC 28134,NA,gymnastics lessons,35.10784164,-80.90260152
Morgan's Gymnastics Academy,208 Computer Dr,Smithfield,NC,27577,3156,Margaret,Morgan-Lee,Owner,(919) 989-7003,Gymnastic Instruction,611620,NA,NA,NA,NA,Private,Johnston,21,1964000,morgansgymnastics.com,2001,208 Computer Dr Smithfield NC 27577,https://morgansgymnastics.com,gymnastics lessons,35.53198848,-78.36481029
NC-USA Gymnastics,86 Rollo Rd,Grantsboro,NC,28529,9507,Amy,Wren,Manager,(252) 321-7264,Gymnastic Instruction,611620,NA,NA,NA,NA,Private,Pamlico,2,92000,nc-usagymnastics.org,2015,86 Rollo Rd Grantsboro NC 28529,https://nc-usagymnastics.org,gymnastics lessons,35.0217993,-76.89597084
New Bern Gymnastic Inc,260 Kale Rd,New Bern,NC,28562,7055,Paul,Kruer,Owner,(252) 635-2100,Gymnastic Instruction,611620,NA,NA,NA,NA,Private,Craven,10,644000,newberngymnastics.com,2004,260 Kale Rd New Bern NC 28562,https://newberngymnastics.com,gymnastics lessons,35.06630795,-77.03353306
New Bern Gymnastics Inc,435 Garner Rd,New Bern,NC,28560,6718,Stephanie W,Bruno,President,(252) 635-2100,Gymnastic Instruction,611620,NA,NA,NA,NA,Private,Craven,3,193000,newberngymnastics.com,2016,435 Garner Rd New Bern NC 28560,https://newberngymnastics.com,gymnastics lessons,35.05833402,-77.01438922
New River Gymnastics Academy,419 Daniel Boone Dr,Boone,NC,28607,4493,Bill,Clinebell,Owner,(828) 264-0641,Gymnastic Instruction,611620,NA,NA,NA,NA,Private,Watauga,5,386000,newrivergymnasticsacademy.com,1984,419 Daniel Boone Dr Boone NC 28607,NA,gymnastics lessons,36.21789294,-81.65554638
New Vision Gymnastics II Inc,3154 Old Murphy Rd,Franklin,NC,28734,7213,Martha,Cohen,Owner,(828) 524-1904,Gymnastic Instruction,611620,NA,NA,NA,NA,Private,Macon,4,229000,newvisiontrainingcenter.com,1995,3154 Old Murphy Rd Franklin NC 28734,https://newvisiontrainingcenter.com,gymnastics lessons,35.1675832,-83.43160717
Olympia School of Gymnastics,385 Sugarloaf Rd # C,Hendersonville,NC,28792,9387,Tracey,Jobling,Manager,(828) 697-7799,Gymnastic Instruction,611620,NA,NA,NA,NA,Private,Henderson,4,169000,olympiahendersonville.com,2012,385 Sugarloaf Rd # C Hendersonville NC 28792,NA,gymnastics lessons,35.33951345,-82.43434115
Omega Gymnastics & Cheer,4145 Ferncreek Dr # A,Fayetteville,NC,28314,2575,Gayla,Joeckel,Owner,(910) 484-3005,Gymnastic Instruction,611620,713990,NA,NA,NA,Private,Cumberland,15,1068000,omegagymnasticsnc.com,1993,4145 Ferncreek Dr # A Fayetteville NC 28314,https://omegagymnasticsnc.com,gymnastics lessons,35.04613991,-78.941901
Omi Athlthix Gymnastics & Cheerleading,1426 Babbage Ln,Indian Trail,NC,28079,3434,NA,NA,NA,(704) 684-0100,Gymnastic Instruction,611620,NA,NA,NA,NA,Private,Union,2,95000,omnieliteathletix.net,2017,1426 Babbage Ln Indian Trail NC 28079,NA,gymnastics lessons,35.07184478,-80.64315593
Peak Gymnastics Academy,6003 Old Jenks Rd,Apex,NC,27523,7524,Angela J,Meshaw,Owner,(919) 367-7620,Gymnastic Instruction,611620,NA,NA,NA,NA,Private,Wake,4,321000,peakgymnasticsacademy.com,2012,6003 Old Jenks Rd Apex NC 27523,https://peakgymnasticsacademy.com,gymnastics lessons,35.75031557,-78.84872842
Perfect Balance Training Ctr,8800 Monroe Rd,Charlotte,NC,28212,7518,Kimberly,Seger,Manager,(980) 299-8445,Gymnastic Instruction,611620,NA,NA,NA,NA,Private,Mecklenburg,4,201000,perfectbalancecharlotte.com,2015,8800 Monroe Rd Charlotte NC 28212,https://perfectbalancecharlotte.com,gymnastics lessons,35.15041993,-80.74588346
Precision Gymnastics,804 Mcbrayer Homestead Rd,Shelby,NC,28152,9533,Anne,Tereshenko,Owner,(704) 434-0016,Gymnastic Instruction,611620,NA,NA,NA,NA,Private,Cleveland,8,527000,precisiongymnc.com,2009,804 Mcbrayer Homestead Rd Shelby NC 28152,https://precisiongymnc.com,gymnastics lessons,35.26518521,-81.66748739
Randolph Gymnastics Academy,4229 US Highway 64 E,Asheboro,NC,27203,8466,Tana,Dunlap,Owner,(336) 610-4742,Gymnastic Instruction,611620,NA,NA,NA,NA,Private,Randolph,10,562000,randolphgymnastics.com,2003,4229 US Highway 64 E Asheboro NC 27203,https://randolphgymnastics.com,gymnastics lessons,35.72439491,-79.72101001
Roses Gymnastics Training Ctr,1802 Old Fire Tower Rd,Greenville,NC,27858,7985,Darlene,Rose,Owner,(252) 321-7264,Gymnastic Instruction,611620,624410,NA,NA,NA,Private,Pitt,25,1627000,rosesgymnastics.com,1979,1802 Old Fire Tower Rd Greenville NC 27858,https://rosesgymnastics.com,gymnastics lessons,35.56288698,-77.35721945
Ross Gymnastics LLC,128 E Park Dr,Beulaville,NC,28518,6916,Misty A,Ross,Manager,(910) 298-2300,Gymnastic Instruction,611620,NA,NA,NA,NA,Private,Duplin,2,85000,rossgymnastics.com,2010,128 E Park Dr Beulaville NC 28518,https://rossgymnastics.com,gymnastics lessons,34.91672817,-77.7752529
RSG Dance Ltd,4724 Hargrove Rd # 140,Raleigh,NC,27616,2802,Laura,Brookins,Manager,(919) 878-8249,Gymnastic Instruction,611620,611610,NA,NA,NA,Private,Wake,18,1153000,raleighgymnastics.com,2011,4724 Hargrove Rd # 140 Raleigh NC 27616,NA,gymnastics lessons,35.84945647,-78.59048182
Sandhills Gymnastics,220 Ampersand Rd,Aberdeen,NC,28315,8921,James,Ayars,Owner,(910) 295-0724,Gymnastic Instruction,611620,NA,NA,NA,NA,Private,Moore,50,3673000,sandhillsgymnastics.com,1991,220 Ampersand Rd Aberdeen NC 28315,https://sandhillsgymnastics.com,gymnastics lessons,35.1628166,-79.47475998
Sanford Academy of Gymnastics,2731 Lee Ave,Sanford,NC,27332,6052,Pat,Oquinn,Owner,(919) 776-1496,Gymnastic Instruction,611620,812191,713990,NA,NA,Private,Lee,12,601000,sanfordacademygym.com,2008,2731 Lee Ave Sanford NC 27332,https://sanfordacademygym.com,gymnastics lessons,35.45307587,-79.14926297
Shooting Stars Gymnastics,105 31st Street Pl SE,Hickory,NC,28602,1375,Adrienne,Puett,Owner,(828) 327-0001,Gymnastic Instruction,611620,NA,NA,NA,NA,Private,Catawba,19,1153000,hickorygymnastics.net,2006,105 31st Street Pl SE Hickory NC 28602,https://hickorygymnastics.net,gymnastics lessons,35.72382531,-81.27021037
Sonshine Gymnastics-Holly Spgs,151 Thomas Mill Rd,Holly Springs,NC,27540,9320,Milan,Stanovich,Owner,(919) 557-9990,Gymnastic Instruction,611620,NA,NA,NA,NA,Private,Wake,4,257000,sonshinegymnastics.com,2003,151 Thomas Mill Rd Holly Springs NC 27540,https://sonshinegymnastics.com,gymnastics lessons,35.65562233,-78.85345327
Team Attraction Gymnastics LLC,1040 Vision Dr,Apex,NC,27523,6391,Brian,Ward,Owner,(919) 303-5770,Gymnastic Instruction,611620,NA,NA,NA,NA,Private,Wake,10,641000,teamattractiongymnastics.com,2010,1040 Vision Dr Apex NC 27523,https://teamattractiongymnastics.com,gymnastics lessons,35.75004249,-78.88061268
Top Notch Gymnastics Inc,4380 Triple Crown Dr SW,Concord,NC,28027,8978,Jennifer,Okeefe,Owner,(704) 721-0727,Gymnastic Instruction,611620,999990,NA,NA,NA,Private,Cabarrus,15,713000,topnotchgymnastics.net,2003,4380 Triple Crown Dr SW Concord NC 28027,https://topnotchgymnastics.net,gymnastics lessons,35.35563865,-80.61936826
Tri County Gymnastics,5223 Nc 96 Hwy W,Youngsville,NC,27596,8200,Shelley,Leone,Owner,(919) 556-5445,Gymnastic Instruction,611620,611610,NA,NA,NA,Private,Franklin,10,528000,tricountygymnastics.com,1991,5223 Nc 96 Hwy W Youngsville NC 27596,https://tricountygymnastics.com,gymnastics lessons,36.03717589,-78.49044313
Triangle Rhythmics LLC,413 W Chatham St # A,Cary,NC,27511,3176,NA,NA,NA,(919) 504-2418,Gymnastic Instruction,611620,NA,NA,NA,NA,Private,Wake,3,NA,trianglerhythmics.com,2024,413 W Chatham St # A Cary NC 27511,NA,gymnastics lessons,35.7865453,-78.78938266
Triumph,2723 Nc 55 Hwy,Cary,NC,27519,6206,Theresa,Whitehurst,Owner,(919) 355-2199,Gymnastic Instruction,611620,NA,NA,NA,NA,Private,Wake,9,577000,triumphnc.com,2014,2723 Nc 55 Hwy Cary NC 27519,https://triumphnc.com,gymnastics lessons,35.78497115,-78.87127321
Tumble Bees,6904 Downwind Rd,Greensboro,NC,27409,1852,NA,NA,NA,(336) 550-4115,Gymnastic Instruction,611620,NA,NA,NA,NA,Private,Guilford,3,344000,ultimate-kids.com,2019,6904 Downwind Rd Greensboro NC 27409,NA,gymnastics lessons,36.08208263,-79.92778099
Tumble Gym,1839 S Main St # 390,Wake Forest,NC,27587,6535,Patrick A,Kranick,Manager,(919) 569-9547,Gymnastic Instruction,611620,NA,NA,NA,NA,Private,Wake,9,513000,thetumblegym.com,2014,1839 S Main St # 390 Wake Forest NC 27587,https://thetumblegym.com,gymnastics lessons,35.95278288,-78.52754788
Tumble Tots of Lexington Inc,117 Anna Lewis Dr,Lexington,NC,27292,2868,Kim,Snider,Owner,(336) 236-1935,Gymnastic Instruction,611620,NA,NA,NA,NA,Private,Davidson,3,141000,tumbletotsandteens.com,2003,117 Anna Lewis Dr Lexington NC 27292,https://tumbletotsandteens.com,gymnastics lessons,35.80361814,-80.28250302
Tumblebees Gymnastic & Dance,6904 Downwind Rd,Greensboro,NC,27409,1852,Scott,Lineberry,Partner,(336) 665-0662,Gymnastic Instruction,611620,459420,713940,NA,NA,Private,Guilford,75,5154000,ultimate-kids.com,2011,6904 Downwind Rd Greensboro NC 27409,https://ultimate-kids.com,gymnastics lessons,36.08208263,-79.92778099
Tumblemania School Gymnastics,366 E Fleming Dr,Morganton,NC,28655,5362,Kendall,Jillings,Owner,(828) 437-0030,Gymnastic Instruction,611620,NA,NA,NA,NA,Private,Burke,2,101000,tumblemaniagymnastics.com,2002,366 E Fleming Dr Morganton NC 28655,https://tumblemaniagymnastics.com,gymnastics lessons,35.74630375,-81.66629351
Upscale Athletics,3390 Denver Dr # C,Denver,NC,28037,7223,Tamil,Jones,Manager,(704) 483-0250,Gymnastic Instruction,611620,NA,NA,NA,NA,Private,Lincoln,2,80000,upscaleathleticsllc.com,2015,3390 Denver Dr # C Denver NC 28037,https://upscaleathleticsllc.com,gymnastics lessons,35.52025332,-81.01886764
Victory Cheerleading Co,911 Concord Pkwy N,Concord,NC,28027,5901,Marc,Itow,Director,(704) 795-2433,Gymnastic Instruction,611620,NA,NA,NA,NA,Private,Cabarrus,3,143000,victorycheer.com,2000,911 Concord Pkwy N Concord NC 28027,https://victorycheer.com,gymnastics lessons,35.42563273,-80.61533426
Wake's Gymnastics,10700 World Trade Blvd # 113,Raleigh,NC,27617,4220,Marlyn,Schuh,Owner,(919) 572-5320,Gymnastic Instruction,611620,NA,NA,NA,NA,Private,Wake,2,129000,wakegymnastics.com,2008,10700 World Trade Blvd # 113 Raleigh NC 27617,https://wakegymnastics.com,gymnastics lessons,35.89708327,-78.81624423
Enso Elite Gymnastics,9835 Northcross Ctr Ct # A,Huntersville,NC,28078,7347,NA,NA,NA,(704) 000-1111,Gymnastic Instruction,611620,NA,NA,NA,NA,Private,Mecklenburg,3,151000,ensoelite.com,2017,9835 Northcross Ctr Ct # A Huntersville NC 28078,NA,gymnastics lessons,35.44675872,-80.86041269
Yadkin Valley Gymnastics Acad,1109 Walnut Cir,Wilkesboro,NC,28697,2740,Janessa,Byrd,Owner,(336) 903-1900,Gymnastic Instruction,611620,713940,NA,NA,NA,Private,Wilkes,9,617000,yadkinvalleygymnasticsacademy.com,2005,1109 Walnut Cir Wilkesboro NC 28697,https://yadkinvalleygymnasticsacademy.com,gymnastics lessons,36.1409983,-81.17106361
Zenith Gymnastics,8617 Monroe Rd,Charlotte,NC,28212,7513,Stanislav E,Savitch,Owner,(704) 568-1277,Gymnastic Instruction,611620,NA,NA,NA,NA,Private,Mecklenburg,10,502000,gymzenith.com,2009,8617 Monroe Rd Charlotte NC 28212,https://gymzenith.com,gymnastics lessons,35.15212806,-80.74595038
Academy of Gymnastics,145 Wesleyan Heights Rd,Roxboro,NC,27573,2509,Ashley,Rogers,Owner,(336) 322-3277,Gymnastic Instruction,611620,NA,NA,NA,NA,Private,Person,10,534000,roxborogymnasticsacademy.wordpress.com,2008,145 Wesleyan Heights Rd Roxboro NC 27573,https://roxborogymnasticsacademy.wordpress.com,gymnastics lessons,36.38532499,-78.99580712
Cary School of Gymnastics,313 Ledgestone Way,Cary,NC,27519,8417,Armand,Kranick,Owner,(919) 469-3127,Gymnastic Instruction,611620,NA,NA,NA,NA,Private,Wake,10,641000,caryncgymnastics.com,1981,313 Ledgestone Way Cary NC 27519,https://caryncgymnastics.com,gymnastics lessons,35.79226945,-78.8480794
Central Carolina Gymnastics,431 E 9th Street Ext,Lexington,NC,27295,1857,Portia,Propst,Owner,(336) 248-2555,Gymnastic Instruction,611620,812990,NA,NA,NA,Private,Davidson,5,234000,ccgacademyoflexington.com,1992,431 E 9th Street Ext Lexington NC 27295,https://ccgacademyoflexington.com,gymnastics lessons,35.836004,-80.243648
Flip Force Gymnastics,1128 Snow Bridge Ln,Kernersville,NC,27284,8411,Esau,Huang,Owner,(336) 996-5158,Gymnastic Instruction,611620,813319,813410,NA,NA,Private,Guilford,40,3044000,flipforcegymnastics.com,2001,1128 Snow Bridge Ln Kernersville NC 27284,https://flipforcegymnastics.com,gymnastics lessons,36.108029,-80.048346
Nick's Flippin Kids LLC,9257 US Highway 70 E,Clayton,NC,27520,NA,Chris,Brancheau,Director,(919) 359-6000,Gymnastic Instruction,611620,NA,NA,NA,NA,Private,Johnston,3,281000,nicksflippinkids.com,2009,9257 US Highway 70 E Clayton NC 27520,https://nicksflippinkids.com,gymnastics lessons,35.630487,-78.434116
SGA Gymnastics,110 Competition Center Dr # 10,Morrisville,NC,27560,9032,NA,NA,NA,(919) 917-5053,Gymnastic Instruction,611620,NA,NA,NA,NA,Private,Wake,3,193000,sgagymnastics.com,2021,110 Competition Center Dr # 10 Morrisville NC 27560,https://sgagymnastics.com,gymnastics lessons,35.842151,-78.81768
The Little Gym of Charlotte,,,,,,,,,(704) 702-2898,Gymnastic Instruction,,,,,,,,,,thelittlegym.com,,"2935 Providence Rd, Charlotte, North Carolina 28211",https://www.thelittlegym.com,gymnastics lessons,35.170629,-80.806574
Charlotte Gymnastics Academy,,,,,,,,,,,,,,,,,,,,charlottegymnastics.com,,"710 Peninsula Lane Ste A Charlotte, NC 28273 ",https://www.charlottegymnastics.com,gymnastics lessons,35.130818,-80.883334
My Gym,"9852 REA ROAD, SUITE A2, CHARLOTTE, NC 28277",,,,,,,,(704) 543-0682,,,,,,,,,,,mygym.com,,"9852 REA ROAD, SUITE A2, CHARLOTTE, NC 28277",https://www.mygym.com,gymnastics lessons,35.035095,-80.807337
My Gym,,,,,,,,,(704) 522-6966,,,,,,,,,,,mygym.com,,"5110 2D PARK ROAD, CHARLOTTE, NC 28209",https://www.mygym.com,gymnastics lessons,35.161028,-80.849246
My Gym,,,,,,,,,(980) 689-4470,,,,,,,,,,,mygym.com,,"16610 West Catawba Ave., Huntersville, NC 28078",https://www.mygym.com,gymnastics lessons,35.442647,-80.894695
My Gym,,,,,,,,,(910) 725-0254,,,,,,,,,,,mygym.com,,"1343 N. Sandhills Blvd., Aberdeen, NC 28315",https://www.mygym.com,gymnastics lessons,35.150121,-79.421442